{
    "precision": 0.0,
    "recall": 0.0,
    "f1": 0.0,
    "auc": 0.42391304347826086,
    "ap": 0.00396224666337123,
    "training_time": 3.450763463973999
}