{
    "precision": 0.01694915254237288,
    "recall": 0.5,
    "f1": 0.03278688524590164,
    "auc": 0.7775919732441472,
    "ap": 0.013606202937448743,
    "training_time": 0.09600520133972168
}