{
    "precision": 1.0,
    "recall": 0.9931224209078404,
    "f1": 0.9965493443754313,
    "auc": 0.999970097482208,
    "ap": 0.9999990540181789,
    "training_time": 6.032583475112915
}